{
  "users": [
    {
      "name": "Kalyan",
      "email": "kalyan@gmail.com",
      "phone": "r-2016",
      "marks": "90",
      "roll": "29",
      "id": 7
    },
    {
      "name": "Ashok",
      "email": "ashok@gmail.com",
      "phone": "r-2015",
      "marks": 87,
      "roll": "34",
      "id": 8
    },
    {
      "name": "okk",
      "email": "okk@gmail.com",
      "phone": "r-2015",
      "marks": "45",
      "roll": "31",
      "id": 6513509028180
    },
    {
      "name": "bay",
      "email": "bay@gmail.com",
      "phone": "r-2018",
      "marks": "99",
      "roll": "32",
      "id": 4245568956621
    },
    {
      "name": "bot",
      "email": "bot@gmail.com",
      "phone": "r-22",
      "marks": "99",
      "roll": "21",
      "id": 4783996290385
    }
  ],
  "userlogin": [
    {
      "id": 3460881838273,
      "name": "hod",
      "email": "hod@gmail.com",
      "password": "hod",
      "user_type": "Admin"
    },
    {
      "id": 4245568956621,
      "name": "bay",
      "email": "bay@gmail.com",
      "password": "bay",
      "user_type": "Developer"
    },
    {
      "id": 758259113133,
      "name": "rishi",
      "email": "rishi@gmail.com",
      "password": "rishi",
      "subject": "Javascript",
      "user_type": "Admin"
    },
    {
      "id": 4783996290385,
      "name": "bot",
      "email": "bot@gmail.com",
      "password": "bot",
      "user_type": "Developer"
    },
    {
      "id": 2202045559644,
      "name": "josh",
      "email": "josh@gmail.com",
      "password": "josh",
      "subject": "computers",
      "branch": "computer engineering",
      "user_type": "Admin"
    }
  ],
  "loggedInUser": {
    "name": "",
    "id": ""
  }
}